doc_129.perm-1.txt.ptree,0,5,0..6,Casino
doc_129.perm-1.txt.ptree,0,7,7..13,stocks
doc_129.perm-1.txt.ptree,0,10,14..18,were
doc_129.perm-1.txt.ptree,0,14,19..22,the
doc_129.perm-1.txt.ptree,0,16,23..26,top
doc_129.perm-1.txt.ptree,0,18,27..34,gainers
doc_129.perm-1.txt.ptree,0,21,35..37,in
doc_129.perm-1.txt.ptree,0,24,38..41,the
doc_129.perm-1.txt.ptree,0,26,42..45,Dow
doc_129.perm-1.txt.ptree,0,28,46..51,Jones
doc_129.perm-1.txt.ptree,0,30,52..57,World
doc_129.perm-1.txt.ptree,0,32,58..66,Industry
doc_129.perm-1.txt.ptree,0,34,67..73,Groups
doc_129.perm-1.txt.ptree,0,36,73..74,COMMA
doc_129.perm-1.txt.ptree,0,40,75..82,closing
doc_129.perm-1.txt.ptree,0,43,83..85,at
doc_129.perm-1.txt.ptree,0,46,86..92,193.03
doc_129.perm-1.txt.ptree,0,48,92..93,COMMA
doc_129.perm-1.txt.ptree,0,51,94..96,up
doc_129.perm-1.txt.ptree,0,55,97..101,2.18
doc_129.perm-1.txt.ptree,0,57,101..102,COMMA
doc_129.perm-1.txt.ptree,0,59,103..105,or
doc_129.perm-1.txt.ptree,0,62,106..109,1.1
doc_129.perm-1.txt.ptree,0,64,109..110,%
doc_129.perm-1.txt.ptree,0,66,110..111,COMMA
doc_129.perm-1.txt.ptree,0,69,112..116,with
doc_129.perm-1.txt.ptree,0,73,117..123,Casino
doc_129.perm-1.txt.ptree,0,75,124..133,Municipal
doc_129.perm-1.txt.ptree,0,77,134..136,de
doc_129.perm-1.txt.ptree,0,79,137..143,Cannes
doc_129.perm-1.txt.ptree,0,82,144..146,of
doc_129.perm-1.txt.ptree,0,85,147..153,France
doc_129.perm-1.txt.ptree,0,88,154..161,posting
doc_129.perm-1.txt.ptree,0,92,162..164,an
doc_129.perm-1.txt.ptree,0,95,165..168,8.5
doc_129.perm-1.txt.ptree,0,97,168..169,%
doc_129.perm-1.txt.ptree,0,99,170..174,gain
doc_129.perm-1.txt.ptree,0,102,175..177,in
doc_129.perm-1.txt.ptree,0,105,178..181,its
doc_129.perm-1.txt.ptree,0,107,182..187,local
doc_129.perm-1.txt.ptree,0,109,188..196,currency
doc_129.perm-1.txt.ptree,0,111,196..197,.
doc_129.perm-1.txt.ptree,1,5,199..201,In
doc_129.perm-1.txt.ptree,1,8,202..211,Amsterdam
doc_129.perm-1.txt.ptree,1,10,211..212,COMMA
doc_129.perm-1.txt.ptree,1,13,213..219,prices
doc_129.perm-1.txt.ptree,1,16,220..227,slipped
doc_129.perm-1.txt.ptree,1,19,228..236,slightly
doc_129.perm-1.txt.ptree,1,22,237..239,in
doc_129.perm-1.txt.ptree,1,26,240..248,skittish
doc_129.perm-1.txt.ptree,1,28,249..256,trading
doc_129.perm-1.txt.ptree,1,31,257..262,ahead
doc_129.perm-1.txt.ptree,1,33,263..265,of
doc_129.perm-1.txt.ptree,1,36,266..269,the
doc_129.perm-1.txt.ptree,1,38,270..278,four-day
doc_129.perm-1.txt.ptree,1,40,279..285,Easter
doc_129.perm-1.txt.ptree,1,42,286..293,weekend
doc_129.perm-1.txt.ptree,1,44,293..294,.
doc_129.perm-1.txt.ptree,2,5,296..306,World-wide
doc_129.perm-1.txt.ptree,2,7,306..307,COMMA
doc_129.perm-1.txt.ptree,2,10,308..313,stock
doc_129.perm-1.txt.ptree,2,12,314..320,prices
doc_129.perm-1.txt.ptree,2,15,321..325,fell
doc_129.perm-1.txt.ptree,2,18,326..328,in
doc_129.perm-1.txt.ptree,2,21,329..335,dollar
doc_129.perm-1.txt.ptree,2,23,336..341,terms
doc_129.perm-1.txt.ptree,2,25,341..342,.
doc_129.perm-1.txt.ptree,3,5,344..347,The
doc_129.perm-1.txt.ptree,3,7,348..350,FT
doc_129.perm-1.txt.ptree,3,9,351..359,30-stock
doc_129.perm-1.txt.ptree,3,11,360..365,index
doc_129.perm-1.txt.ptree,3,14,366..373,tumbled
doc_129.perm-1.txt.ptree,3,18,374..378,24.6
doc_129.perm-1.txt.ptree,3,20,379..385,points
doc_129.perm-1.txt.ptree,3,22,385..386,COMMA
doc_129.perm-1.txt.ptree,3,24,387..389,or
doc_129.perm-1.txt.ptree,3,27,390..391,1
doc_129.perm-1.txt.ptree,3,29,391..392,%
doc_129.perm-1.txt.ptree,3,31,392..393,COMMA
doc_129.perm-1.txt.ptree,3,34,394..396,to
doc_129.perm-1.txt.ptree,3,37,397..403,2445.5
doc_129.perm-1.txt.ptree,3,39,403..404,.
doc_129.perm-1.txt.ptree,4,5,406..409,The
doc_129.perm-1.txt.ptree,4,7,410..413,Dow
doc_129.perm-1.txt.ptree,4,9,414..419,Jones
doc_129.perm-1.txt.ptree,4,11,420..425,World
doc_129.perm-1.txt.ptree,4,13,426..431,Stock
doc_129.perm-1.txt.ptree,4,15,432..437,Index
doc_129.perm-1.txt.ptree,4,18,438..441,was
doc_129.perm-1.txt.ptree,4,21,442..444,at
doc_129.perm-1.txt.ptree,4,24,445..451,112.36
doc_129.perm-1.txt.ptree,4,26,451..452,COMMA
doc_129.perm-1.txt.ptree,4,29,453..457,down
doc_129.perm-1.txt.ptree,4,32,458..462,1.11
doc_129.perm-1.txt.ptree,4,34,462..463,COMMA
doc_129.perm-1.txt.ptree,4,38,464..474,reflecting
doc_129.perm-1.txt.ptree,4,41,475..480,lower
doc_129.perm-1.txt.ptree,4,43,481..488,markets
doc_129.perm-1.txt.ptree,4,46,489..491,in
doc_129.perm-1.txt.ptree,4,49,492..495,all
doc_129.perm-1.txt.ptree,4,51,496..503,regions
doc_129.perm-1.txt.ptree,4,53,503..504,.
doc_129.perm-1.txt.ptree,5,6,506..508,In
doc_129.perm-1.txt.ptree,5,9,509..515,Mexico
doc_129.perm-1.txt.ptree,5,11,516..520,City
doc_129.perm-1.txt.ptree,5,13,520..521,COMMA
doc_129.perm-1.txt.ptree,5,16,522..528,stocks
doc_129.perm-1.txt.ptree,5,19,529..533,fell
doc_129.perm-1.txt.ptree,5,22,534..537,1.9
doc_129.perm-1.txt.ptree,5,24,537..538,%
doc_129.perm-1.txt.ptree,5,27,539..541,in
doc_129.perm-1.txt.ptree,5,31,542..546,very
doc_129.perm-1.txt.ptree,5,33,547..552,light
doc_129.perm-1.txt.ptree,5,35,552..553,COMMA
doc_129.perm-1.txt.ptree,5,37,554..565,pre-holiday
doc_129.perm-1.txt.ptree,5,39,566..573,trading
doc_129.perm-1.txt.ptree,5,42,574..576,as
doc_129.perm-1.txt.ptree,5,46,577..586,investors
doc_129.perm-1.txt.ptree,5,49,587..597,considered
doc_129.perm-1.txt.ptree,5,53,598..601,the
doc_129.perm-1.txt.ptree,5,55,602..610,problems
doc_129.perm-1.txt.ptree,5,60,611..614,new
doc_129.perm-1.txt.ptree,5,62,615..622,Mexican
doc_129.perm-1.txt.ptree,5,64,623..635,presidential
doc_129.perm-1.txt.ptree,5,66,636..645,candidate
doc_129.perm-1.txt.ptree,5,68,646..653,Ernesto
doc_129.perm-1.txt.ptree,5,70,654..661,Zedillo
doc_129.perm-1.txt.ptree,5,73,662..667,faces
doc_129.perm-1.txt.ptree,5,76,668..670,in
doc_129.perm-1.txt.ptree,5,80,671..677,trying
doc_129.perm-1.txt.ptree,5,84,678..680,to
doc_129.perm-1.txt.ptree,5,87,681..686,unify
doc_129.perm-1.txt.ptree,5,90,687..690,the
doc_129.perm-1.txt.ptree,5,92,691..698,warring
doc_129.perm-1.txt.ptree,5,94,699..707,factions
doc_129.perm-1.txt.ptree,5,97,708..714,within
doc_129.perm-1.txt.ptree,5,100,715..718,the
doc_129.perm-1.txt.ptree,5,102,719..725,ruling
doc_129.perm-1.txt.ptree,5,104,726..731,party
doc_129.perm-1.txt.ptree,5,106,731..732,;
doc_129.perm-1.txt.ptree,5,112,733..740,Tuesday
doc_129.perm-1.txt.ptree,5,114,740..742,'s
doc_129.perm-1.txt.ptree,5,116,743..747,huge
doc_129.perm-1.txt.ptree,5,118,748..752,leap
doc_129.perm-1.txt.ptree,5,121,753..755,in
doc_129.perm-1.txt.ptree,5,124,756..763,Mexican
doc_129.perm-1.txt.ptree,5,126,764..772,interest
doc_129.perm-1.txt.ptree,5,128,773..778,rates
doc_129.perm-1.txt.ptree,5,131,779..783,also
doc_129.perm-1.txt.ptree,5,134,784..790,damped
doc_129.perm-1.txt.ptree,5,137,791..800,sentiment
doc_129.perm-1.txt.ptree,5,139,800..801,.
doc_129.perm-1.txt.ptree,6,5,803..808,Among
doc_129.perm-1.txt.ptree,6,8,809..818,corporate
doc_129.perm-1.txt.ptree,6,10,819..831,developments
doc_129.perm-1.txt.ptree,6,12,831..832,COMMA
doc_129.perm-1.txt.ptree,6,15,833..835,in
doc_129.perm-1.txt.ptree,6,18,836..842,London
doc_129.perm-1.txt.ptree,6,20,842..843,COMMA
doc_129.perm-1.txt.ptree,6,23,844..848,Rank
doc_129.perm-1.txt.ptree,6,25,849..861,Organisation
doc_129.perm-1.txt.ptree,6,28,862..866,fell
doc_129.perm-1.txt.ptree,6,32,867..870,six
doc_129.perm-1.txt.ptree,6,34,871..876,pence
doc_129.perm-1.txt.ptree,6,36,876..877,COMMA
doc_129.perm-1.txt.ptree,6,38,878..880,or
doc_129.perm-1.txt.ptree,6,41,881..884,1.5
doc_129.perm-1.txt.ptree,6,43,884..885,%
doc_129.perm-1.txt.ptree,6,45,885..886,COMMA
doc_129.perm-1.txt.ptree,6,48,887..889,to
doc_129.perm-1.txt.ptree,6,52,890..893,395
doc_129.perm-1.txt.ptree,6,54,894..899,pence
doc_129.perm-1.txt.ptree,6,57,900..901,(
doc_129.perm-1.txt.ptree,6,60,901..902,$
doc_129.perm-1.txt.ptree,6,62,902..906,5.86
doc_129.perm-1.txt.ptree,6,64,906..907,)
doc_129.perm-1.txt.ptree,6,66,907..908,.
doc_129.perm-1.txt.ptree,7,5,910..912,In
doc_129.perm-1.txt.ptree,7,8,913..922,Singapore
doc_129.perm-1.txt.ptree,7,10,922..923,COMMA
doc_129.perm-1.txt.ptree,7,13,924..930,stocks
doc_129.perm-1.txt.ptree,7,16,931..937,surged
doc_129.perm-1.txt.ptree,7,19,938..941,1.6
doc_129.perm-1.txt.ptree,7,21,941..942,%
doc_129.perm-1.txt.ptree,7,24,943..945,in
doc_129.perm-1.txt.ptree,7,28,946..950,thin
doc_129.perm-1.txt.ptree,7,30,951..959,dealings
doc_129.perm-1.txt.ptree,7,33,960..962,on
doc_129.perm-1.txt.ptree,7,36,963..971,sporadic
doc_129.perm-1.txt.ptree,7,38,972..978,buying
doc_129.perm-1.txt.ptree,7,41,979..981,by
doc_129.perm-1.txt.ptree,7,44,982..988,retail
doc_129.perm-1.txt.ptree,7,46,989..992,and
doc_129.perm-1.txt.ptree,7,48,993..1006,institutional
doc_129.perm-1.txt.ptree,7,50,1007..1016,investors
doc_129.perm-1.txt.ptree,7,52,1016..1017,.
doc_129.perm-1.txt.ptree,8,5,1019..1025,Losers
doc_129.perm-1.txt.ptree,8,8,1026..1034,trounced
doc_129.perm-1.txt.ptree,8,12,1035..1042,gainers
doc_129.perm-1.txt.ptree,8,14,1042..1043,COMMA
doc_129.perm-1.txt.ptree,8,17,1044..1051,792-241
doc_129.perm-1.txt.ptree,8,19,1051..1052,.
doc_129.perm-1.txt.ptree,9,6,1054..1057,The
doc_129.perm-1.txt.ptree,9,8,1058..1064,German
doc_129.perm-1.txt.ptree,9,10,1065..1072,central
doc_129.perm-1.txt.ptree,9,12,1073..1077,bank
doc_129.perm-1.txt.ptree,9,15,1078..1083,eased
doc_129.perm-1.txt.ptree,9,19,1084..1085,a
doc_129.perm-1.txt.ptree,9,21,1086..1089,key
doc_129.perm-1.txt.ptree,9,23,1090..1098,interest
doc_129.perm-1.txt.ptree,9,25,1099..1103,rate
doc_129.perm-1.txt.ptree,9,28,1104..1106,as
doc_129.perm-1.txt.ptree,9,30,1107..1115,expected
doc_129.perm-1.txt.ptree,9,32,1115..1116,COMMA
doc_129.perm-1.txt.ptree,9,34,1117..1120,but
doc_129.perm-1.txt.ptree,9,38,1121..1124,the
doc_129.perm-1.txt.ptree,9,40,1125..1129,news
doc_129.perm-1.txt.ptree,9,43,1130..1136,failed
doc_129.perm-1.txt.ptree,9,47,1137..1139,to
doc_129.perm-1.txt.ptree,9,50,1140..1145,cheer
doc_129.perm-1.txt.ptree,9,54,1146..1155,investors
doc_129.perm-1.txt.ptree,9,56,1155..1156,COMMA
doc_129.perm-1.txt.ptree,9,60,1157..1160,who
doc_129.perm-1.txt.ptree,9,64,1161..1168,instead
doc_129.perm-1.txt.ptree,9,67,1169..1176,focused
doc_129.perm-1.txt.ptree,9,70,1177..1179,on
doc_129.perm-1.txt.ptree,9,74,1180..1186,losses
doc_129.perm-1.txt.ptree,9,77,1187..1189,in
doc_129.perm-1.txt.ptree,9,80,1190..1195,other
doc_129.perm-1.txt.ptree,9,82,1196..1201,major
doc_129.perm-1.txt.ptree,9,84,1202..1207,stock
doc_129.perm-1.txt.ptree,9,86,1208..1215,markets
doc_129.perm-1.txt.ptree,9,88,1215..1216,.
doc_129.perm-1.txt.ptree,10,5,1218..1220,In
doc_129.perm-1.txt.ptree,10,8,1221..1230,Frankfurt
doc_129.perm-1.txt.ptree,10,10,1230..1231,COMMA
doc_129.perm-1.txt.ptree,10,13,1232..1235,the
doc_129.perm-1.txt.ptree,10,15,1236..1239,DAX
doc_129.perm-1.txt.ptree,10,17,1240..1248,30-stock
doc_129.perm-1.txt.ptree,10,19,1249..1254,index
doc_129.perm-1.txt.ptree,10,22,1255..1259,fell
doc_129.perm-1.txt.ptree,10,25,1260..1265,20.82
doc_129.perm-1.txt.ptree,10,27,1266..1272,points
doc_129.perm-1.txt.ptree,10,30,1273..1275,to
doc_129.perm-1.txt.ptree,10,33,1276..1283,2147.53
doc_129.perm-1.txt.ptree,10,36,1284..1286,in
doc_129.perm-1.txt.ptree,10,40,1287..1294,subdued
doc_129.perm-1.txt.ptree,10,42,1295..1302,trading
doc_129.perm-1.txt.ptree,10,45,1303..1308,ahead
doc_129.perm-1.txt.ptree,10,47,1309..1311,of
doc_129.perm-1.txt.ptree,10,50,1312..1315,the
doc_129.perm-1.txt.ptree,10,52,1316..1322,Easter
doc_129.perm-1.txt.ptree,10,54,1323..1330,holiday
doc_129.perm-1.txt.ptree,10,56,1330..1331,.
doc_129.perm-1.txt.ptree,11,6,1333..1344,Nervousness
doc_129.perm-1.txt.ptree,11,9,1345..1350,about
doc_129.perm-1.txt.ptree,11,13,1351..1359,declines
doc_129.perm-1.txt.ptree,11,16,1360..1362,on
doc_129.perm-1.txt.ptree,11,20,1363..1367,Wall
doc_129.perm-1.txt.ptree,11,22,1368..1374,Street
doc_129.perm-1.txt.ptree,11,24,1375..1378,and
doc_129.perm-1.txt.ptree,11,27,1379..1382,the
doc_129.perm-1.txt.ptree,11,29,1383..1390,British
doc_129.perm-1.txt.ptree,11,31,1391..1395,bond
doc_129.perm-1.txt.ptree,11,33,1396..1402,market
doc_129.perm-1.txt.ptree,11,36,1403..1406,was
doc_129.perm-1.txt.ptree,11,39,1407..1417,compounded
doc_129.perm-1.txt.ptree,11,42,1418..1420,by
doc_129.perm-1.txt.ptree,11,46,1421..1428,British
doc_129.perm-1.txt.ptree,11,48,1429..1438,political
doc_129.perm-1.txt.ptree,11,50,1439..1446,turmoil
doc_129.perm-1.txt.ptree,11,53,1447..1456,following
doc_129.perm-1.txt.ptree,11,57,1457..1458,a
doc_129.perm-1.txt.ptree,11,59,1459..1469,compromise
doc_129.perm-1.txt.ptree,11,62,1470..1472,on
doc_129.perm-1.txt.ptree,11,66,1473..1479,voting
doc_129.perm-1.txt.ptree,11,68,1480..1486,rights
doc_129.perm-1.txt.ptree,11,71,1487..1489,in
doc_129.perm-1.txt.ptree,11,74,1490..1493,the
doc_129.perm-1.txt.ptree,11,76,1494..1502,European
doc_129.perm-1.txt.ptree,11,78,1503..1508,Union
doc_129.perm-1.txt.ptree,11,80,1508..1509,.
doc_129.perm-1.txt.ptree,12,5,1511..1513,In
doc_129.perm-1.txt.ptree,12,8,1514..1519,Tokyo
doc_129.perm-1.txt.ptree,12,10,1519..1520,COMMA
doc_129.perm-1.txt.ptree,12,14,1521..1524,the
doc_129.perm-1.txt.ptree,12,16,1525..1531,Nikkei
doc_129.perm-1.txt.ptree,12,18,1532..1541,225-stock
doc_129.perm-1.txt.ptree,12,20,1542..1547,index
doc_129.perm-1.txt.ptree,12,22,1547..1548,COMMA
doc_129.perm-1.txt.ptree,12,26,1549..1554,which
doc_129.perm-1.txt.ptree,12,30,1555..1559,fell
doc_129.perm-1.txt.ptree,12,33,1560..1566,232.05
doc_129.perm-1.txt.ptree,12,35,1567..1573,points
doc_129.perm-1.txt.ptree,12,38,1574..1576,on
doc_129.perm-1.txt.ptree,12,41,1577..1584,Tuesday
doc_129.perm-1.txt.ptree,12,43,1584..1585,COMMA
doc_129.perm-1.txt.ptree,12,46,1586..1593,slipped
doc_129.perm-1.txt.ptree,12,50,1594..1600,149.83
doc_129.perm-1.txt.ptree,12,52,1601..1603,to
doc_129.perm-1.txt.ptree,12,54,1604..1612,19559.91
doc_129.perm-1.txt.ptree,12,56,1612..1613,.
doc_129.perm-1.txt.ptree,13,5,1615..1617,In
doc_129.perm-1.txt.ptree,13,8,1618..1624,Madrid
doc_129.perm-1.txt.ptree,13,10,1624..1625,COMMA
doc_129.perm-1.txt.ptree,13,13,1626..1632,prices
doc_129.perm-1.txt.ptree,13,16,1633..1637,sank
doc_129.perm-1.txt.ptree,13,19,1638..1641,1.5
doc_129.perm-1.txt.ptree,13,21,1641..1642,%
doc_129.perm-1.txt.ptree,13,24,1643..1645,to
doc_129.perm-1.txt.ptree,13,28,1646..1647,a
doc_129.perm-1.txt.ptree,13,30,1648..1651,low
doc_129.perm-1.txt.ptree,13,33,1652..1655,for
doc_129.perm-1.txt.ptree,13,36,1656..1660,1994
doc_129.perm-1.txt.ptree,13,38,1660..1661,COMMA
doc_129.perm-1.txt.ptree,13,41,1662..1669,dragged
doc_129.perm-1.txt.ptree,13,44,1670..1674,down
doc_129.perm-1.txt.ptree,13,47,1675..1677,by
doc_129.perm-1.txt.ptree,13,53,1678..1685,Tuesday
doc_129.perm-1.txt.ptree,13,55,1685..1687,'s
doc_129.perm-1.txt.ptree,13,57,1688..1692,drop
doc_129.perm-1.txt.ptree,13,60,1693..1695,on
doc_129.perm-1.txt.ptree,13,63,1696..1699,the
doc_129.perm-1.txt.ptree,13,65,1700..1703,New
doc_129.perm-1.txt.ptree,13,67,1704..1708,York
doc_129.perm-1.txt.ptree,13,69,1709..1714,Stock
doc_129.perm-1.txt.ptree,13,71,1715..1723,Exchange
doc_129.perm-1.txt.ptree,13,73,1724..1727,and
doc_129.perm-1.txt.ptree,13,77,1728..1731,its
doc_129.perm-1.txt.ptree,13,79,1732..1742,continuing
doc_129.perm-1.txt.ptree,13,81,1743..1748,sharp
doc_129.perm-1.txt.ptree,13,83,1749..1756,decline
doc_129.perm-1.txt.ptree,13,86,1757..1759,in
doc_129.perm-1.txt.ptree,13,89,1760..1765,early
doc_129.perm-1.txt.ptree,13,91,1766..1773,trading
doc_129.perm-1.txt.ptree,13,94,1774..1776,on
doc_129.perm-1.txt.ptree,13,97,1777..1786,Wednesday
doc_129.perm-1.txt.ptree,13,99,1786..1787,.
doc_129.perm-1.txt.ptree,14,7,1789..1792,The
doc_129.perm-1.txt.ptree,14,9,1793..1798,Tokyo
doc_129.perm-1.txt.ptree,14,11,1799..1804,Stock
doc_129.perm-1.txt.ptree,14,13,1805..1810,Price
doc_129.perm-1.txt.ptree,14,15,1811..1816,Index
doc_129.perm-1.txt.ptree,14,17,1816..1817,COMMA
doc_129.perm-1.txt.ptree,14,19,1818..1820,or
doc_129.perm-1.txt.ptree,14,22,1821..1826,Topix
doc_129.perm-1.txt.ptree,14,24,1826..1827,COMMA
doc_129.perm-1.txt.ptree,14,27,1828..1830,of
doc_129.perm-1.txt.ptree,14,30,1831..1834,all
doc_129.perm-1.txt.ptree,14,32,1835..1848,first-section
doc_129.perm-1.txt.ptree,14,34,1849..1855,shares
doc_129.perm-1.txt.ptree,14,36,1855..1856,COMMA
doc_129.perm-1.txt.ptree,14,40,1857..1862,which
doc_129.perm-1.txt.ptree,14,44,1863..1870,tumbled
doc_129.perm-1.txt.ptree,14,47,1871..1876,16.33
doc_129.perm-1.txt.ptree,14,49,1877..1883,points
doc_129.perm-1.txt.ptree,14,52,1884..1891,Tuesday
doc_129.perm-1.txt.ptree,14,54,1891..1892,COMMA
doc_129.perm-1.txt.ptree,14,57,1893..1897,sank
doc_129.perm-1.txt.ptree,14,60,1898..1902,8.29
doc_129.perm-1.txt.ptree,14,63,1903..1905,to
doc_129.perm-1.txt.ptree,14,66,1906..1913,1588.22
doc_129.perm-1.txt.ptree,14,68,1913..1914,.
doc_129.perm-1.txt.ptree,15,6,1916..1918,In
doc_129.perm-1.txt.ptree,15,9,1919..1925,Zurich
doc_129.perm-1.txt.ptree,15,11,1925..1926,COMMA
doc_129.perm-1.txt.ptree,15,14,1927..1933,stocks
doc_129.perm-1.txt.ptree,15,17,1934..1938,fell
doc_129.perm-1.txt.ptree,15,20,1939..1941,in
doc_129.perm-1.txt.ptree,15,23,1942..1948,choppy
doc_129.perm-1.txt.ptree,15,25,1949..1956,trading
doc_129.perm-1.txt.ptree,15,27,1956..1957,;
doc_129.perm-1.txt.ptree,15,32,1958..1964,buying
doc_129.perm-1.txt.ptree,15,35,1965..1967,by
doc_129.perm-1.txt.ptree,15,39,1968..1977,investors
doc_129.perm-1.txt.ptree,15,42,1978..1983,eager
doc_129.perm-1.txt.ptree,15,46,1984..1986,to
doc_129.perm-1.txt.ptree,15,49,1987..1993,square
doc_129.perm-1.txt.ptree,15,52,1994..1999,their
doc_129.perm-1.txt.ptree,15,54,2000..2009,positions
doc_129.perm-1.txt.ptree,15,57,2010..2015,ahead
doc_129.perm-1.txt.ptree,15,60,2016..2018,of
doc_129.perm-1.txt.ptree,15,63,2019..2022,the
doc_129.perm-1.txt.ptree,15,65,2023..2029,Easter
doc_129.perm-1.txt.ptree,15,67,2030..2037,holiday
doc_129.perm-1.txt.ptree,15,70,2038..2047,partially
doc_129.perm-1.txt.ptree,15,73,2048..2054,offset
doc_129.perm-1.txt.ptree,15,76,2055..2057,an
doc_129.perm-1.txt.ptree,15,78,2058..2063,early
doc_129.perm-1.txt.ptree,15,80,2064..2072,sell-off
doc_129.perm-1.txt.ptree,15,82,2072..2073,.
doc_129.perm-1.txt.ptree,16,5,2075..2078,The
doc_129.perm-1.txt.ptree,16,7,2079..2089,industrial
doc_129.perm-1.txt.ptree,16,9,2090..2095,giant
doc_129.perm-1.txt.ptree,16,12,2096..2104,reported
doc_129.perm-1.txt.ptree,16,15,2105..2109,that
doc_129.perm-1.txt.ptree,16,19,2110..2113,its
doc_129.perm-1.txt.ptree,16,21,2114..2123,operating
doc_129.perm-1.txt.ptree,16,23,2124..2128,loss
doc_129.perm-1.txt.ptree,16,25,2128..2129,COMMA
doc_129.perm-1.txt.ptree,16,28,2130..2139,excluding
doc_129.perm-1.txt.ptree,16,32,2140..2147,results
doc_129.perm-1.txt.ptree,16,35,2148..2152,from
doc_129.perm-1.txt.ptree,16,38,2153..2156,its
doc_129.perm-1.txt.ptree,16,40,2157..2165,troubled
doc_129.perm-1.txt.ptree,16,42,2166..2168,MG
doc_129.perm-1.txt.ptree,16,44,2169..2174,Corp.
doc_129.perm-1.txt.ptree,16,46,2173..2174,.
doc_129.perm-1.txt.ptree,17,5,2176..2178,In
doc_129.perm-1.txt.ptree,17,8,2179..2184,Milan
doc_129.perm-1.txt.ptree,17,10,2184..2185,COMMA
doc_129.perm-1.txt.ptree,17,15,2186..2192,shares
doc_129.perm-1.txt.ptree,17,17,2192..2193,COMMA
doc_129.perm-1.txt.ptree,17,20,2194..2203,including
doc_129.perm-1.txt.ptree,17,24,2204..2209,those
doc_129.perm-1.txt.ptree,17,27,2210..2216,traded
doc_129.perm-1.txt.ptree,17,30,2217..2231,electronically
doc_129.perm-1.txt.ptree,17,32,2231..2232,COMMA
doc_129.perm-1.txt.ptree,17,35,2233..2239,jumped
doc_129.perm-1.txt.ptree,17,38,2240..2243,2.6
doc_129.perm-1.txt.ptree,17,40,2243..2244,%
doc_129.perm-1.txt.ptree,17,43,2245..2247,in
doc_129.perm-1.txt.ptree,17,46,2248..2253,heavy
doc_129.perm-1.txt.ptree,17,48,2254..2261,trading
doc_129.perm-1.txt.ptree,17,50,2261..2262,COMMA
doc_129.perm-1.txt.ptree,17,55,2263..2267,more
doc_129.perm-1.txt.ptree,17,57,2268..2272,than
doc_129.perm-1.txt.ptree,17,59,2273..2282,recouping
doc_129.perm-1.txt.ptree,17,63,2283..2290,Tuesday
doc_129.perm-1.txt.ptree,17,65,2290..2292,'s
doc_129.perm-1.txt.ptree,17,67,2293..2299,losses
doc_129.perm-1.txt.ptree,17,69,2299..2300,;
doc_129.perm-1.txt.ptree,17,73,2301..2310,investors
doc_129.perm-1.txt.ptree,17,77,2311..2319,overcame
doc_129.perm-1.txt.ptree,17,80,2320..2328,previous
doc_129.perm-1.txt.ptree,17,82,2329..2339,skepticism
doc_129.perm-1.txt.ptree,17,84,2340..2343,and
doc_129.perm-1.txt.ptree,17,87,2344..2353,expressed
doc_129.perm-1.txt.ptree,17,90,2354..2359,hopes
doc_129.perm-1.txt.ptree,17,93,2360..2364,that
doc_129.perm-1.txt.ptree,17,97,2365..2368,the
doc_129.perm-1.txt.ptree,17,100,2369..2377,recently
doc_129.perm-1.txt.ptree,17,102,2378..2385,elected
doc_129.perm-1.txt.ptree,17,104,2386..2393,Freedom
doc_129.perm-1.txt.ptree,17,106,2394..2402,Alliance
doc_129.perm-1.txt.ptree,17,109,2403..2408,would
doc_129.perm-1.txt.ptree,17,112,2409..2413,form
doc_129.perm-1.txt.ptree,17,116,2414..2416,an
doc_129.perm-1.txt.ptree,17,119,2417..2429,economically
doc_129.perm-1.txt.ptree,17,121,2430..2444,liberal-minded
doc_129.perm-1.txt.ptree,17,123,2445..2455,government
doc_129.perm-1.txt.ptree,17,126,2456..2458,in
doc_129.perm-1.txt.ptree,17,129,2459..2462,the
doc_129.perm-1.txt.ptree,17,131,2463..2469,coming
doc_129.perm-1.txt.ptree,17,133,2470..2475,weeks
doc_129.perm-1.txt.ptree,17,135,2475..2476,.
doc_129.perm-1.txt.ptree,18,6,2478..2480,In
doc_129.perm-1.txt.ptree,18,9,2481..2491,Wellington
doc_129.perm-1.txt.ptree,18,11,2491..2492,COMMA
doc_129.perm-1.txt.ptree,18,14,2493..2501,equities
doc_129.perm-1.txt.ptree,18,17,2502..2506,fell
doc_129.perm-1.txt.ptree,18,20,2507..2510,1.9
doc_129.perm-1.txt.ptree,18,22,2510..2511,%
doc_129.perm-1.txt.ptree,18,24,2511..2512,;
doc_129.perm-1.txt.ptree,18,28,2513..2517,late
doc_129.perm-1.txt.ptree,18,30,2518..2524,buying
doc_129.perm-1.txt.ptree,18,33,2525..2531,failed
doc_129.perm-1.txt.ptree,18,37,2532..2534,to
doc_129.perm-1.txt.ptree,18,40,2535..2541,offset
doc_129.perm-1.txt.ptree,18,44,2542..2550,declines
doc_129.perm-1.txt.ptree,18,47,2551..2554,due
doc_129.perm-1.txt.ptree,18,50,2555..2557,to
doc_129.perm-1.txt.ptree,18,54,2558..2565,worries
doc_129.perm-1.txt.ptree,18,57,2566..2571,about
doc_129.perm-1.txt.ptree,18,62,2572..2580,weakness
doc_129.perm-1.txt.ptree,18,65,2581..2583,in
doc_129.perm-1.txt.ptree,18,68,2584..2587,the
doc_129.perm-1.txt.ptree,18,70,2588..2592,U.S.
doc_129.perm-1.txt.ptree,18,72,2593..2598,stock
doc_129.perm-1.txt.ptree,18,74,2599..2605,market
doc_129.perm-1.txt.ptree,18,76,2606..2609,and
doc_129.perm-1.txt.ptree,18,80,2610..2619,increases
doc_129.perm-1.txt.ptree,18,83,2620..2622,in
doc_129.perm-1.txt.ptree,18,86,2623..2626,New
doc_129.perm-1.txt.ptree,18,88,2627..2634,Zealand
doc_129.perm-1.txt.ptree,18,90,2635..2643,interest
doc_129.perm-1.txt.ptree,18,92,2644..2649,rates
doc_129.perm-1.txt.ptree,18,94,2649..2650,.
doc_129.perm-1.txt.ptree,19,5,2652..2654,In
doc_129.perm-1.txt.ptree,19,8,2655..2660,Paris
doc_129.perm-1.txt.ptree,19,10,2660..2661,COMMA
doc_129.perm-1.txt.ptree,19,13,2662..2670,equities
doc_129.perm-1.txt.ptree,19,16,2671..2678,slumped
doc_129.perm-1.txt.ptree,19,19,2679..2682,1.9
doc_129.perm-1.txt.ptree,19,21,2682..2683,%
doc_129.perm-1.txt.ptree,19,24,2684..2688,amid
doc_129.perm-1.txt.ptree,19,27,2689..2696,jitters
doc_129.perm-1.txt.ptree,19,30,2697..2701,over
doc_129.perm-1.txt.ptree,19,36,2702..2706,Wall
doc_129.perm-1.txt.ptree,19,38,2707..2713,Street
doc_129.perm-1.txt.ptree,19,40,2713..2715,'s
doc_129.perm-1.txt.ptree,19,42,2716..2721,steep
doc_129.perm-1.txt.ptree,19,44,2722..2729,decline
doc_129.perm-1.txt.ptree,19,47,2730..2737,Tuesday
doc_129.perm-1.txt.ptree,19,49,2738..2741,and
doc_129.perm-1.txt.ptree,19,53,2742..2750,mounting
doc_129.perm-1.txt.ptree,19,55,2751..2758,concern
doc_129.perm-1.txt.ptree,19,58,2759..2763,over
doc_129.perm-1.txt.ptree,19,63,2764..2770,France
doc_129.perm-1.txt.ptree,19,65,2770..2772,'s
doc_129.perm-1.txt.ptree,19,67,2773..2779,social
doc_129.perm-1.txt.ptree,19,69,2780..2786,unrest
doc_129.perm-1.txt.ptree,19,72,2787..2798,surrounding
doc_129.perm-1.txt.ptree,19,75,2799..2800,a
doc_129.perm-1.txt.ptree,19,77,2801..2806,youth
doc_129.perm-1.txt.ptree,19,79,2807..2811,wage
doc_129.perm-1.txt.ptree,19,81,2812..2815,law
doc_129.perm-1.txt.ptree,19,83,2815..2816,COMMA
doc_129.perm-1.txt.ptree,19,87,2817..2822,which
doc_129.perm-1.txt.ptree,19,91,2823..2826,was
doc_129.perm-1.txt.ptree,19,94,2827..2836,withdrawn
doc_129.perm-1.txt.ptree,19,97,2837..2841,this
doc_129.perm-1.txt.ptree,19,99,2842..2846,week
doc_129.perm-1.txt.ptree,19,101,2846..2847,.
doc_129.perm-1.txt.ptree,20,5,2849..2858,Frankfurt
doc_129.perm-1.txt.ptree,20,7,2859..2865,prices
doc_129.perm-1.txt.ptree,20,10,2866..2870,also
doc_129.perm-1.txt.ptree,20,13,2871..2878,slumped
doc_129.perm-1.txt.ptree,20,15,2878..2879,COMMA
doc_129.perm-1.txt.ptree,20,19,2880..2890,reflecting
doc_129.perm-1.txt.ptree,20,22,2891..2899,declines
doc_129.perm-1.txt.ptree,20,25,2900..2902,on
doc_129.perm-1.txt.ptree,20,28,2903..2910,several
doc_129.perm-1.txt.ptree,20,30,2911..2916,other
doc_129.perm-1.txt.ptree,20,32,2917..2924,markets
doc_129.perm-1.txt.ptree,20,34,2924..2925,.
doc_129.perm-1.txt.ptree,21,5,2927..2932,Under
doc_129.perm-1.txt.ptree,21,10,2933..2936,the
doc_129.perm-1.txt.ptree,21,12,2937..2943,weight
doc_129.perm-1.txt.ptree,21,15,2944..2946,of
doc_129.perm-1.txt.ptree,21,19,2947..2950,the
doc_129.perm-1.txt.ptree,21,21,2951..2954,yen
doc_129.perm-1.txt.ptree,21,23,2954..2956,'s
doc_129.perm-1.txt.ptree,21,25,2957..2965,strength
doc_129.perm-1.txt.ptree,21,27,2966..2969,and
doc_129.perm-1.txt.ptree,21,31,2970..2971,a
doc_129.perm-1.txt.ptree,21,33,2972..2977,steep
doc_129.perm-1.txt.ptree,21,35,2978..2982,fall
doc_129.perm-1.txt.ptree,21,38,2983..2990,Tuesday
doc_129.perm-1.txt.ptree,21,41,2991..2993,in
doc_129.perm-1.txt.ptree,21,44,2994..2998,U.S.
doc_129.perm-1.txt.ptree,21,46,2999..3005,shares
doc_129.perm-1.txt.ptree,21,48,3005..3006,COMMA
doc_129.perm-1.txt.ptree,21,51,3007..3010,the
doc_129.perm-1.txt.ptree,21,53,3011..3017,Nikkei
doc_129.perm-1.txt.ptree,21,56,3018..3025,plunged
doc_129.perm-1.txt.ptree,21,60,3026..3030,more
doc_129.perm-1.txt.ptree,21,62,3031..3035,than
doc_129.perm-1.txt.ptree,21,64,3036..3039,300
doc_129.perm-1.txt.ptree,21,66,3040..3046,points
doc_129.perm-1.txt.ptree,21,69,3047..3049,in
doc_129.perm-1.txt.ptree,21,73,3050..3053,the
doc_129.perm-1.txt.ptree,21,75,3054..3061,session
doc_129.perm-1.txt.ptree,21,77,3061..3063,'s
doc_129.perm-1.txt.ptree,21,79,3064..3069,first
doc_129.perm-1.txt.ptree,21,81,3070..3072,15
doc_129.perm-1.txt.ptree,21,83,3073..3080,minutes
doc_129.perm-1.txt.ptree,21,85,3080..3081,.
doc_129.perm-1.txt.ptree,22,5,3083..3088,Tokyo
doc_129.perm-1.txt.ptree,22,7,3089..3095,stocks
doc_129.perm-1.txt.ptree,22,10,3096..3100,fell
doc_129.perm-1.txt.ptree,22,13,3101..3103,on
doc_129.perm-1.txt.ptree,22,16,3104..3107,the
doc_129.perm-1.txt.ptree,22,18,3108..3113,sharp
doc_129.perm-1.txt.ptree,22,20,3114..3121,advance
doc_129.perm-1.txt.ptree,22,23,3122..3124,by
doc_129.perm-1.txt.ptree,22,27,3125..3128,the
doc_129.perm-1.txt.ptree,22,29,3129..3132,yen
doc_129.perm-1.txt.ptree,22,31,3132..3133,COMMA
doc_129.perm-1.txt.ptree,22,35,3134..3139,which
doc_129.perm-1.txt.ptree,22,39,3140..3142,is
doc_129.perm-1.txt.ptree,22,42,3143..3150,hurting
doc_129.perm-1.txt.ptree,22,45,3151..3164,export-linked
doc_129.perm-1.txt.ptree,22,47,3165..3171,issues
doc_129.perm-1.txt.ptree,22,49,3171..3172,.
doc_129.perm-1.txt.ptree,23,5,3174..3178,Here
doc_129.perm-1.txt.ptree,23,7,3179..3182,are
doc_129.perm-1.txt.ptree,23,11,3183..3188,price
doc_129.perm-1.txt.ptree,23,13,3189..3195,trends
doc_129.perm-1.txt.ptree,23,16,3196..3198,on
doc_129.perm-1.txt.ptree,23,20,3199..3202,the
doc_129.perm-1.txt.ptree,23,22,3203..3208,world
doc_129.perm-1.txt.ptree,23,24,3208..3210,'s
doc_129.perm-1.txt.ptree,23,26,3211..3216,major
doc_129.perm-1.txt.ptree,23,28,3217..3222,stock
doc_129.perm-1.txt.ptree,23,30,3223..3230,markets
doc_129.perm-1.txt.ptree,23,32,3230..3231,COMMA
doc_129.perm-1.txt.ptree,23,35,3232..3234,as
doc_129.perm-1.txt.ptree,23,39,3235..3245,calculated
doc_129.perm-1.txt.ptree,23,42,3246..3248,by
doc_129.perm-1.txt.ptree,23,46,3249..3255,Morgan
doc_129.perm-1.txt.ptree,23,48,3256..3263,Stanley
doc_129.perm-1.txt.ptree,23,50,3264..3271,Capital
doc_129.perm-1.txt.ptree,23,52,3272..3285,International
doc_129.perm-1.txt.ptree,23,54,3286..3297,Perspective
doc_129.perm-1.txt.ptree,23,56,3297..3298,COMMA
doc_129.perm-1.txt.ptree,23,59,3299..3305,Geneva
doc_129.perm-1.txt.ptree,23,61,3305..3306,.
doc_129.perm-1.txt.ptree,24,5,3308..3310,In
doc_129.perm-1.txt.ptree,24,8,3311..3316,Kuala
doc_129.perm-1.txt.ptree,24,10,3317..3323,Lumpur
doc_129.perm-1.txt.ptree,24,12,3323..3324,COMMA
doc_129.perm-1.txt.ptree,24,15,3325..3331,prices
doc_129.perm-1.txt.ptree,24,18,3332..3338,closed
doc_129.perm-1.txt.ptree,24,21,3339..3347,narrowly
doc_129.perm-1.txt.ptree,24,23,3348..3353,mixed
doc_129.perm-1.txt.ptree,24,26,3354..3356,as
doc_129.perm-1.txt.ptree,24,30,3357..3370,profit-taking
doc_129.perm-1.txt.ptree,24,33,3371..3378,trimmed
doc_129.perm-1.txt.ptree,24,36,3379..3384,early
doc_129.perm-1.txt.ptree,24,38,3385..3390,gains
doc_129.perm-1.txt.ptree,24,40,3390..3391,.
doc_129.perm-1.txt.ptree,25,5,3393..3399,London
doc_129.perm-1.txt.ptree,25,7,3400..3406,shares
doc_129.perm-1.txt.ptree,25,10,3407..3414,tumbled
doc_129.perm-1.txt.ptree,25,13,3415..3416,1
doc_129.perm-1.txt.ptree,25,15,3416..3417,%
doc_129.perm-1.txt.ptree,25,18,3418..3420,on
doc_129.perm-1.txt.ptree,25,22,3421..3430,Wednesday
doc_129.perm-1.txt.ptree,25,24,3430..3431,COMMA
doc_129.perm-1.txt.ptree,25,27,3432..3438,pushed
doc_129.perm-1.txt.ptree,25,30,3439..3441,by
doc_129.perm-1.txt.ptree,25,33,3442..3443,a
doc_129.perm-1.txt.ptree,25,35,3444..3448,late
doc_129.perm-1.txt.ptree,25,37,3449..3453,drop
doc_129.perm-1.txt.ptree,25,40,3454..3458,amid
doc_129.perm-1.txt.ptree,25,44,3459..3464,sharp
doc_129.perm-1.txt.ptree,25,46,3465..3470,early
doc_129.perm-1.txt.ptree,25,48,3471..3477,losses
doc_129.perm-1.txt.ptree,25,51,3478..3480,on
doc_129.perm-1.txt.ptree,25,54,3481..3485,Wall
doc_129.perm-1.txt.ptree,25,56,3486..3492,Street
doc_129.perm-1.txt.ptree,25,58,3492..3493,.
doc_129.perm-1.txt.ptree,26,6,3495..3504,Wednesday
doc_129.perm-1.txt.ptree,26,8,3504..3506,'s
doc_129.perm-1.txt.ptree,26,10,3507..3520,first-section
doc_129.perm-1.txt.ptree,26,12,3521..3527,volume
doc_129.perm-1.txt.ptree,26,15,3528..3531,was
doc_129.perm-1.txt.ptree,26,18,3532..3541,estimated
doc_129.perm-1.txt.ptree,26,21,3542..3544,at
doc_129.perm-1.txt.ptree,26,25,3545..3548,330
doc_129.perm-1.txt.ptree,26,27,3549..3556,million
doc_129.perm-1.txt.ptree,26,29,3557..3563,shares
doc_129.perm-1.txt.ptree,26,31,3563..3564,COMMA
doc_129.perm-1.txt.ptree,26,34,3565..3573,compared
doc_129.perm-1.txt.ptree,26,37,3574..3578,with
doc_129.perm-1.txt.ptree,26,41,3579..3584,254.9
doc_129.perm-1.txt.ptree,26,43,3585..3592,million
doc_129.perm-1.txt.ptree,26,45,3593..3599,shares
doc_129.perm-1.txt.ptree,26,48,3600..3601,a
doc_129.perm-1.txt.ptree,26,50,3602..3605,day
doc_129.perm-1.txt.ptree,26,52,3606..3613,earlier
doc_129.perm-1.txt.ptree,26,54,3613..3614,.
doc_129.perm-1.txt.ptree,27,5,3616..3618,In
doc_129.perm-1.txt.ptree,27,8,3619..3623,Hong
doc_129.perm-1.txt.ptree,27,10,3624..3628,Kong
doc_129.perm-1.txt.ptree,27,12,3628..3629,COMMA
doc_129.perm-1.txt.ptree,27,15,3630..3638,equities
doc_129.perm-1.txt.ptree,27,18,3639..3646,plunged
doc_129.perm-1.txt.ptree,27,21,3647..3650,2.6
doc_129.perm-1.txt.ptree,27,23,3650..3651,%
doc_129.perm-1.txt.ptree,27,26,3652..3654,in
doc_129.perm-1.txt.ptree,27,29,3655..3663,sympathy
doc_129.perm-1.txt.ptree,27,32,3664..3668,with
doc_129.perm-1.txt.ptree,27,37,3669..3676,Tuesday
doc_129.perm-1.txt.ptree,27,39,3676..3678,'s
doc_129.perm-1.txt.ptree,27,41,3679..3683,drop
doc_129.perm-1.txt.ptree,27,44,3684..3686,in
doc_129.perm-1.txt.ptree,27,47,3687..3690,New
doc_129.perm-1.txt.ptree,27,49,3691..3695,York
doc_129.perm-1.txt.ptree,27,51,3695..3696,.
doc_129.perm-1.txt.ptree,28,5,3698..3700,In
doc_129.perm-1.txt.ptree,28,8,3701..3710,Frankfurt
doc_129.perm-1.txt.ptree,28,10,3710..3711,COMMA
doc_129.perm-1.txt.ptree,28,13,3712..3730,Metallgesellschaft
doc_129.perm-1.txt.ptree,28,16,3731..3735,rose
doc_129.perm-1.txt.ptree,28,20,3736..3739,7.6
doc_129.perm-1.txt.ptree,28,22,3740..3745,marks
doc_129.perm-1.txt.ptree,28,24,3745..3746,COMMA
doc_129.perm-1.txt.ptree,28,26,3747..3749,or
doc_129.perm-1.txt.ptree,28,29,3750..3751,4
doc_129.perm-1.txt.ptree,28,31,3751..3752,%
doc_129.perm-1.txt.ptree,28,33,3752..3753,COMMA
doc_129.perm-1.txt.ptree,28,36,3754..3756,to
doc_129.perm-1.txt.ptree,28,40,3757..3763,196.50
doc_129.perm-1.txt.ptree,28,42,3764..3769,marks
doc_129.perm-1.txt.ptree,28,45,3770..3771,(
doc_129.perm-1.txt.ptree,28,48,3771..3772,$
doc_129.perm-1.txt.ptree,28,50,3772..3778,117.19
doc_129.perm-1.txt.ptree,28,52,3778..3779,)
doc_129.perm-1.txt.ptree,28,54,3779..3780,.
doc_129.perm-1.txt.ptree,29,6,3782..3784,In
doc_129.perm-1.txt.ptree,29,9,3785..3790,Seoul
doc_129.perm-1.txt.ptree,29,11,3790..3791,COMMA
doc_129.perm-1.txt.ptree,29,14,3792..3798,prices
doc_129.perm-1.txt.ptree,29,17,3799..3806,tumbled
doc_129.perm-1.txt.ptree,29,20,3807..3810,1.1
doc_129.perm-1.txt.ptree,29,22,3810..3811,%
doc_129.perm-1.txt.ptree,29,25,3812..3814,on
doc_129.perm-1.txt.ptree,29,29,3815..3826,speculative
doc_129.perm-1.txt.ptree,29,31,3827..3834,selling
doc_129.perm-1.txt.ptree,29,34,3835..3837,of
doc_129.perm-1.txt.ptree,29,37,3838..3842,blue
doc_129.perm-1.txt.ptree,29,39,3843..3848,chips
doc_129.perm-1.txt.ptree,29,41,3848..3849,;
doc_129.perm-1.txt.ptree,29,45,3850..3857,however
doc_129.perm-1.txt.ptree,29,47,3857..3858,COMMA
doc_129.perm-1.txt.ptree,29,50,3859..3868,investors
doc_129.perm-1.txt.ptree,29,53,3869..3878,continued
doc_129.perm-1.txt.ptree,29,57,3879..3888,selective
doc_129.perm-1.txt.ptree,29,59,3889..3895,buying
doc_129.perm-1.txt.ptree,29,62,3896..3898,of
doc_129.perm-1.txt.ptree,29,65,3899..3904,small
doc_129.perm-1.txt.ptree,29,67,3905..3911,issues
doc_129.perm-1.txt.ptree,29,69,3911..3912,.
doc_129.perm-1.txt.ptree,30,5,3914..3916,In
doc_129.perm-1.txt.ptree,30,8,3917..3923,London
doc_129.perm-1.txt.ptree,30,10,3923..3924,COMMA
doc_129.perm-1.txt.ptree,30,13,3925..3928,the
doc_129.perm-1.txt.ptree,30,15,3929..3938,Financial
doc_129.perm-1.txt.ptree,30,17,3939..3950,Times-Stock
doc_129.perm-1.txt.ptree,30,19,3951..3959,Exchange
doc_129.perm-1.txt.ptree,30,21,3960..3969,100-share
doc_129.perm-1.txt.ptree,30,23,3970..3975,index
doc_129.perm-1.txt.ptree,30,26,3976..3980,fell
doc_129.perm-1.txt.ptree,30,29,3981..3983,31
doc_129.perm-1.txt.ptree,30,31,3984..3990,points
doc_129.perm-1.txt.ptree,30,34,3991..3993,to
doc_129.perm-1.txt.ptree,30,37,3994..4000,3092.4
doc_129.perm-1.txt.ptree,30,39,4000..4001,.
doc_129.perm-1.txt.ptree,31,6,4003..4006,The
doc_129.perm-1.txt.ptree,31,8,4007..4010,yen
doc_129.perm-1.txt.ptree,31,10,4010..4012,'s
doc_129.perm-1.txt.ptree,31,12,4013..4021,strength
doc_129.perm-1.txt.ptree,31,16,4022..4029,reduces
doc_129.perm-1.txt.ptree,31,20,4030..4039,exporters
doc_129.perm-1.txt.ptree,31,22,4039..4040,'
doc_129.perm-1.txt.ptree,31,24,4041..4048,profits
doc_129.perm-1.txt.ptree,31,27,4049..4053,from
doc_129.perm-1.txt.ptree,31,30,4054..4062,overseas
doc_129.perm-1.txt.ptree,31,32,4063..4068,sales
doc_129.perm-1.txt.ptree,31,34,4069..4072,and
doc_129.perm-1.txt.ptree,31,37,4073..4078,could
doc_129.perm-1.txt.ptree,31,40,4079..4083,damp
doc_129.perm-1.txt.ptree,31,43,4084..4086,an
doc_129.perm-1.txt.ptree,31,45,4087..4095,economic
doc_129.perm-1.txt.ptree,31,47,4096..4104,recovery
doc_129.perm-1.txt.ptree,31,50,4105..4107,in
doc_129.perm-1.txt.ptree,31,53,4108..4113,Japan
doc_129.perm-1.txt.ptree,31,55,4113..4114,.
doc_129.perm-1.txt.ptree,32,5,4116..4118,In
doc_129.perm-1.txt.ptree,32,8,4119..4128,Stockholm
doc_129.perm-1.txt.ptree,32,10,4128..4129,COMMA
doc_129.perm-1.txt.ptree,32,13,4130..4138,equities
doc_129.perm-1.txt.ptree,32,16,4139..4146,slipped
doc_129.perm-1.txt.ptree,32,19,4147..4150,for
doc_129.perm-1.txt.ptree,32,22,4151..4154,the
doc_129.perm-1.txt.ptree,32,24,4155..4159,11th
doc_129.perm-1.txt.ptree,32,26,4160..4171,consecutive
doc_129.perm-1.txt.ptree,32,28,4172..4179,session
doc_129.perm-1.txt.ptree,32,30,4179..4180,COMMA
doc_129.perm-1.txt.ptree,32,33,4181..4188,despite
doc_129.perm-1.txt.ptree,32,37,4189..4190,a
doc_129.perm-1.txt.ptree,32,39,4191..4195,late
doc_129.perm-1.txt.ptree,32,41,4196..4201,rally
doc_129.perm-1.txt.ptree,32,44,4202..4204,on
doc_129.perm-1.txt.ptree,32,48,4205..4206,a
doc_129.perm-1.txt.ptree,32,50,4207..4214,decline
doc_129.perm-1.txt.ptree,32,53,4215..4217,in
doc_129.perm-1.txt.ptree,32,56,4218..4225,Swedish
doc_129.perm-1.txt.ptree,32,58,4226..4234,interest
doc_129.perm-1.txt.ptree,32,60,4235..4240,rates
doc_129.perm-1.txt.ptree,32,62,4240..4241,.
doc_129.perm-1.txt.ptree,33,6,4243..4250,Renewed
doc_129.perm-1.txt.ptree,33,8,4251..4259,concerns
doc_129.perm-1.txt.ptree,33,11,4260..4265,about
doc_129.perm-1.txt.ptree,33,14,4266..4276,U.S.-Japan
doc_129.perm-1.txt.ptree,33,16,4277..4282,trade
doc_129.perm-1.txt.ptree,33,18,4283..4291,tensions
doc_129.perm-1.txt.ptree,33,21,4292..4301,propelled
doc_129.perm-1.txt.ptree,33,24,4302..4305,the
doc_129.perm-1.txt.ptree,33,26,4306..4309,yen
doc_129.perm-1.txt.ptree,33,28,4309..4310,COMMA
doc_129.perm-1.txt.ptree,33,32,4311..4319,spurring
doc_129.perm-1.txt.ptree,33,37,4320..4322,an
doc_129.perm-1.txt.ptree,33,39,4323..4328,early
doc_129.perm-1.txt.ptree,33,41,4329..4337,sell-off
doc_129.perm-1.txt.ptree,33,44,4338..4340,of
doc_129.perm-1.txt.ptree,33,47,4341..4356,export-oriented
doc_129.perm-1.txt.ptree,33,49,4357..4363,shares
doc_129.perm-1.txt.ptree,33,51,4364..4367,and
doc_129.perm-1.txt.ptree,33,55,4368..4380,index-linked
doc_129.perm-1.txt.ptree,33,57,4381..4390,arbitrage
doc_129.perm-1.txt.ptree,33,59,4391..4396,sales
doc_129.perm-1.txt.ptree,33,62,4397..4399,of
doc_129.perm-1.txt.ptree,33,65,4400..4408,equities
doc_129.perm-1.txt.ptree,33,67,4408..4409,.
doc_129.perm-1.txt.ptree,34,5,4411..4418,However
doc_129.perm-1.txt.ptree,34,7,4418..4419,COMMA
doc_129.perm-1.txt.ptree,34,10,4420..4429,investors
doc_129.perm-1.txt.ptree,34,13,4430..4434,were
doc_129.perm-1.txt.ptree,34,16,4435..4447,increasingly
doc_129.perm-1.txt.ptree,34,18,4448..4456,doubtful
doc_129.perm-1.txt.ptree,34,21,4457..4461,that
doc_129.perm-1.txt.ptree,34,25,4462..4465,the
doc_129.perm-1.txt.ptree,34,27,4466..4472,dollar
doc_129.perm-1.txt.ptree,34,30,4473..4478,would
doc_129.perm-1.txt.ptree,34,33,4479..4485,weaken
doc_129.perm-1.txt.ptree,34,36,4486..4493,further
doc_129.perm-1.txt.ptree,34,39,4494..4501,against
doc_129.perm-1.txt.ptree,34,43,4502..4505,the
doc_129.perm-1.txt.ptree,34,45,4506..4514,Japanese
doc_129.perm-1.txt.ptree,34,47,4515..4523,currency
doc_129.perm-1.txt.ptree,34,50,4524..4531,because
doc_129.perm-1.txt.ptree,34,52,4532..4534,of
doc_129.perm-1.txt.ptree,34,56,4535..4546,fundamental
doc_129.perm-1.txt.ptree,34,58,4547..4555,economic
doc_129.perm-1.txt.ptree,34,60,4556..4567,differences
doc_129.perm-1.txt.ptree,34,63,4568..4575,between
doc_129.perm-1.txt.ptree,34,66,4576..4579,the
doc_129.perm-1.txt.ptree,34,68,4580..4584,U.S.
doc_129.perm-1.txt.ptree,34,70,4585..4588,and
doc_129.perm-1.txt.ptree,34,72,4589..4594,Japan
doc_129.perm-1.txt.ptree,34,74,4594..4595,.
doc_129.perm-1.txt.ptree,35,5,4597..4600,The
doc_129.perm-1.txt.ptree,35,7,4601..4611,percentage
doc_129.perm-1.txt.ptree,35,9,4612..4618,change
doc_129.perm-1.txt.ptree,35,12,4619..4621,is
doc_129.perm-1.txt.ptree,35,15,4622..4627,since
doc_129.perm-1.txt.ptree,35,18,4628..4636,year-end
doc_129.perm-1.txt.ptree,35,20,4636..4637,.
doc_129.perm-1.txt.ptree,36,6,4639..4641,In
doc_129.perm-1.txt.ptree,36,9,4642..4648,Taipei
doc_129.perm-1.txt.ptree,36,11,4648..4649,COMMA
doc_129.perm-1.txt.ptree,36,14,4650..4656,shares
doc_129.perm-1.txt.ptree,36,17,4657..4662,eased
doc_129.perm-1.txt.ptree,36,20,4663..4665,on
doc_129.perm-1.txt.ptree,36,24,4666..4669,the
doc_129.perm-1.txt.ptree,36,26,4670..4674,year
doc_129.perm-1.txt.ptree,36,28,4674..4676,'s
doc_129.perm-1.txt.ptree,36,30,4677..4690,second-lowest
doc_129.perm-1.txt.ptree,36,32,4691..4697,volume
doc_129.perm-1.txt.ptree,36,34,4697..4698,;
doc_129.perm-1.txt.ptree,36,38,4699..4708,investors
doc_129.perm-1.txt.ptree,36,41,4709..4715,stayed
doc_129.perm-1.txt.ptree,36,44,4716..4718,on
doc_129.perm-1.txt.ptree,36,47,4719..4722,the
doc_129.perm-1.txt.ptree,36,49,4723..4732,sidelines
doc_129.perm-1.txt.ptree,36,52,4733..4738,after
doc_129.perm-1.txt.ptree,36,56,4739..4746,Tuesday
doc_129.perm-1.txt.ptree,36,58,4746..4748,'s
doc_129.perm-1.txt.ptree,36,60,4749..4756,holiday
doc_129.perm-1.txt.ptree,36,62,4756..4757,.
doc_129.perm-1.txt.ptree,37,5,4759..4761,In
doc_129.perm-1.txt.ptree,37,8,4762..4770,Brussels
doc_129.perm-1.txt.ptree,37,10,4770..4771,COMMA
doc_129.perm-1.txt.ptree,37,13,4772..4780,equities
doc_129.perm-1.txt.ptree,37,16,4781..4788,tumbled
doc_129.perm-1.txt.ptree,37,19,4789..4792,1.2
doc_129.perm-1.txt.ptree,37,21,4792..4793,%
doc_129.perm-1.txt.ptree,37,23,4793..4794,COMMA
doc_129.perm-1.txt.ptree,37,26,4795..4797,in
doc_129.perm-1.txt.ptree,37,29,4798..4802,line
doc_129.perm-1.txt.ptree,37,32,4803..4807,with
doc_129.perm-1.txt.ptree,37,36,4808..4816,declines
doc_129.perm-1.txt.ptree,37,39,4817..4826,elsewhere
doc_129.perm-1.txt.ptree,37,41,4826..4827,.
doc_129.perm-1.txt.ptree,38,6,4829..4831,To
doc_129.perm-1.txt.ptree,38,9,4832..4836,make
doc_129.perm-1.txt.ptree,38,13,4837..4841,them
doc_129.perm-1.txt.ptree,38,16,4842..4850,directly
doc_129.perm-1.txt.ptree,38,18,4851..4861,comparable
doc_129.perm-1.txt.ptree,38,20,4861..4862,COMMA
doc_129.perm-1.txt.ptree,38,24,4863..4867,each
doc_129.perm-1.txt.ptree,38,26,4868..4873,index
doc_129.perm-1.txt.ptree,38,28,4873..4874,COMMA
doc_129.perm-1.txt.ptree,38,31,4875..4885,calculated
doc_129.perm-1.txt.ptree,38,34,4886..4888,in
doc_129.perm-1.txt.ptree,38,37,4889..4894,local
doc_129.perm-1.txt.ptree,38,39,4895..4905,currencies
doc_129.perm-1.txt.ptree,38,41,4905..4906,COMMA
doc_129.perm-1.txt.ptree,38,44,4907..4909,is
doc_129.perm-1.txt.ptree,38,47,4910..4915,based
doc_129.perm-1.txt.ptree,38,50,4916..4918,on
doc_129.perm-1.txt.ptree,38,54,4919..4922,the
doc_129.perm-1.txt.ptree,38,56,4923..4928,close
doc_129.perm-1.txt.ptree,38,59,4929..4931,of
doc_129.perm-1.txt.ptree,38,62,4932..4936,1969
doc_129.perm-1.txt.ptree,38,66,4937..4945,equaling
doc_129.perm-1.txt.ptree,38,69,4946..4949,100
doc_129.perm-1.txt.ptree,38,71,4949..4950,.
doc_129.perm-1.txt.ptree,39,5,4952..4962,Restaurant
doc_129.perm-1.txt.ptree,39,7,4963..4969,stocks
doc_129.perm-1.txt.ptree,39,10,4970..4977,trailed
doc_129.perm-1.txt.ptree,39,13,4978..4980,at
doc_129.perm-1.txt.ptree,39,16,4981..4987,132.88
doc_129.perm-1.txt.ptree,39,18,4987..4988,COMMA
doc_129.perm-1.txt.ptree,39,23,4989..4993,down
doc_129.perm-1.txt.ptree,39,27,4994..4998,3.55
doc_129.perm-1.txt.ptree,39,29,4998..4999,COMMA
doc_129.perm-1.txt.ptree,39,31,5000..5002,or
doc_129.perm-1.txt.ptree,39,34,5003..5006,2.6
doc_129.perm-1.txt.ptree,39,36,5006..5007,%
doc_129.perm-1.txt.ptree,39,38,5007..5008,COMMA
doc_129.perm-1.txt.ptree,39,41,5009..5013,with
doc_129.perm-1.txt.ptree,39,44,5014..5020,Shoney
doc_129.perm-1.txt.ptree,39,46,5020..5022,'s
doc_129.perm-1.txt.ptree,39,49,5023..5025,of
doc_129.perm-1.txt.ptree,39,52,5026..5029,the
doc_129.perm-1.txt.ptree,39,54,5030..5034,U.S.
doc_129.perm-1.txt.ptree,39,56,5035..5042,sliding
doc_129.perm-1.txt.ptree,39,59,5043..5046,3.8
doc_129.perm-1.txt.ptree,39,61,5046..5047,%
doc_129.perm-1.txt.ptree,39,64,5048..5050,in
doc_129.perm-1.txt.ptree,39,67,5051..5056,local
doc_129.perm-1.txt.ptree,39,69,5057..5065,currency
doc_129.perm-1.txt.ptree,39,71,5065..5066,.
doc_129.perm-1.txt.ptree,40,5,5068..5070,In
doc_129.perm-1.txt.ptree,40,9,5071..5078,trading
doc_129.perm-1.txt.ptree,40,12,5079..5087,Thursday
doc_129.perm-1.txt.ptree,40,15,5088..5090,in
doc_129.perm-1.txt.ptree,40,18,5091..5096,Tokyo
doc_129.perm-1.txt.ptree,40,20,5096..5097,COMMA
doc_129.perm-1.txt.ptree,40,23,5098..5101,the
doc_129.perm-1.txt.ptree,40,25,5102..5108,Nikkei
doc_129.perm-1.txt.ptree,40,27,5109..5114,index
doc_129.perm-1.txt.ptree,40,30,5115..5119,fell
doc_129.perm-1.txt.ptree,40,33,5120..5126,219.04
doc_129.perm-1.txt.ptree,40,35,5127..5133,points
doc_129.perm-1.txt.ptree,40,39,5134..5136,to
doc_129.perm-1.txt.ptree,40,42,5137..5142,close
doc_129.perm-1.txt.ptree,40,45,5143..5146,the
doc_129.perm-1.txt.ptree,40,47,5147..5154,morning
doc_129.perm-1.txt.ptree,40,49,5155..5162,session
doc_129.perm-1.txt.ptree,40,52,5163..5165,at
doc_129.perm-1.txt.ptree,40,55,5166..5174,19340.87
doc_129.perm-1.txt.ptree,40,57,5174..5175,.
doc_129.perm-1.txt.ptree,41,5,5177..5186,Investors
doc_129.perm-1.txt.ptree,41,8,5187..5191,also
doc_129.perm-1.txt.ptree,41,11,5192..5199,worried
doc_129.perm-1.txt.ptree,41,14,5200..5205,about
doc_129.perm-1.txt.ptree,41,18,5206..5210,U.S.
doc_129.perm-1.txt.ptree,41,20,5211..5221,employment
doc_129.perm-1.txt.ptree,41,22,5222..5226,data
doc_129.perm-1.txt.ptree,41,24,5226..5227,COMMA
doc_129.perm-1.txt.ptree,41,28,5228..5233,which
doc_129.perm-1.txt.ptree,41,32,5234..5238,will
doc_129.perm-1.txt.ptree,41,35,5239..5241,be
doc_129.perm-1.txt.ptree,41,38,5242..5250,released
doc_129.perm-1.txt.ptree,41,41,5251..5259,tomorrow
doc_129.perm-1.txt.ptree,41,43,5259..5260,COMMA
doc_129.perm-1.txt.ptree,41,47,5261..5265,when
doc_129.perm-1.txt.ptree,41,51,5266..5269,the
doc_129.perm-1.txt.ptree,41,53,5270..5276,London
doc_129.perm-1.txt.ptree,41,55,5277..5283,market
doc_129.perm-1.txt.ptree,41,58,5284..5286,is
doc_129.perm-1.txt.ptree,41,61,5287..5293,closed
doc_129.perm-1.txt.ptree,41,64,5294..5297,for
doc_129.perm-1.txt.ptree,41,67,5298..5301,the
doc_129.perm-1.txt.ptree,41,69,5302..5308,Easter
doc_129.perm-1.txt.ptree,41,71,5309..5316,holiday
doc_129.perm-1.txt.ptree,41,73,5316..5317,.
doc_129.perm-1.txt.ptree,42,5,5319..5322,The
doc_129.perm-1.txt.ptree,42,7,5323..5334,diversified
doc_129.perm-1.txt.ptree,42,9,5335..5342,leisure
doc_129.perm-1.txt.ptree,42,11,5343..5348,group
doc_129.perm-1.txt.ptree,42,14,5349..5353,said
doc_129.perm-1.txt.ptree,42,19,5354..5356,it
doc_129.perm-1.txt.ptree,42,22,5357..5364,expects
doc_129.perm-1.txt.ptree,42,26,5365..5367,to
doc_129.perm-1.txt.ptree,42,29,5368..5372,take
doc_129.perm-1.txt.ptree,42,33,5373..5375,an
doc_129.perm-1.txt.ptree,42,35,5376..5387,exceptional
doc_129.perm-1.txt.ptree,42,37,5388..5397,provision
doc_129.perm-1.txt.ptree,42,40,5398..5400,of
doc_129.perm-1.txt.ptree,42,44,5401..5402,$
doc_129.perm-1.txt.ptree,42,46,5402..5404,75
doc_129.perm-1.txt.ptree,42,48,5405..5412,million
doc_129.perm-1.txt.ptree,42,51,5413..5415,on
doc_129.perm-1.txt.ptree,42,54,5416..5419,its
doc_129.perm-1.txt.ptree,42,56,5420..5430,first-half
doc_129.perm-1.txt.ptree,42,58,5431..5438,results
doc_129.perm-1.txt.ptree,42,62,5439..5441,to
doc_129.perm-1.txt.ptree,42,65,5442..5447,close
doc_129.perm-1.txt.ptree,42,68,5448..5451,its
doc_129.perm-1.txt.ptree,42,70,5452..5456,U.S.
doc_129.perm-1.txt.ptree,42,72,5457..5462,video
doc_129.perm-1.txt.ptree,42,74,5463..5466,and
doc_129.perm-1.txt.ptree,42,76,5467..5472,audio
doc_129.perm-1.txt.ptree,42,78,5473..5485,distribution
doc_129.perm-1.txt.ptree,42,80,5486..5496,subsidiary
doc_129.perm-1.txt.ptree,42,82,5496..5497,.
doc_129.perm-1.txt.ptree,43,5,5499..5506,Trading
doc_129.perm-1.txt.ptree,43,8,5507..5511,then
doc_129.perm-1.txt.ptree,43,11,5512..5519,quieted
doc_129.perm-1.txt.ptree,43,13,5519..5520,COMMA
doc_129.perm-1.txt.ptree,43,17,5521..5528,staying
doc_129.perm-1.txt.ptree,43,20,5529..5531,in
doc_129.perm-1.txt.ptree,43,23,5532..5533,a
doc_129.perm-1.txt.ptree,43,25,5534..5540,narrow
doc_129.perm-1.txt.ptree,43,27,5541..5546,range
doc_129.perm-1.txt.ptree,43,30,5547..5552,until
doc_129.perm-1.txt.ptree,43,34,5553..5566,institutional
doc_129.perm-1.txt.ptree,43,36,5567..5570,and
doc_129.perm-1.txt.ptree,43,38,5571..5578,foreign
doc_129.perm-1.txt.ptree,43,40,5579..5588,investors
doc_129.perm-1.txt.ptree,43,43,5589..5594,began
doc_129.perm-1.txt.ptree,43,46,5595..5599,late
doc_129.perm-1.txt.ptree,43,48,5600..5615,bargain-hunting
doc_129.perm-1.txt.ptree,43,50,5615..5616,.
doc_129.perm-1.txt.ptree,44,5,5618..5623,Prime
doc_129.perm-1.txt.ptree,44,7,5624..5632,Minister
doc_129.perm-1.txt.ptree,44,9,5633..5637,John
doc_129.perm-1.txt.ptree,44,11,5638..5643,Major
doc_129.perm-1.txt.ptree,44,14,5644..5647,has
doc_129.perm-1.txt.ptree,44,17,5648..5652,come
doc_129.perm-1.txt.ptree,44,20,5653..5658,under
doc_129.perm-1.txt.ptree,44,23,5659..5663,fire
doc_129.perm-1.txt.ptree,44,26,5664..5668,from
doc_129.perm-1.txt.ptree,44,28,5669..5675,within
doc_129.perm-1.txt.ptree,44,32,5676..5679,his
doc_129.perm-1.txt.ptree,44,34,5680..5692,Conservative
doc_129.perm-1.txt.ptree,44,36,5693..5698,Party
doc_129.perm-1.txt.ptree,44,39,5699..5702,for
doc_129.perm-1.txt.ptree,44,43,5703..5711,dropping
doc_129.perm-1.txt.ptree,44,46,5712..5715,his
doc_129.perm-1.txt.ptree,44,48,5716..5726,resistance
doc_129.perm-1.txt.ptree,44,51,5727..5729,to
doc_129.perm-1.txt.ptree,44,55,5730..5739,expanding
doc_129.perm-1.txt.ptree,44,59,5740..5743,the
doc_129.perm-1.txt.ptree,44,61,5744..5750,number
doc_129.perm-1.txt.ptree,44,64,5751..5753,of
doc_129.perm-1.txt.ptree,44,68,5754..5759,votes
doc_129.perm-1.txt.ptree,44,71,5760..5766,needed
doc_129.perm-1.txt.ptree,44,75,5767..5769,to
doc_129.perm-1.txt.ptree,44,78,5770..5775,block
doc_129.perm-1.txt.ptree,44,81,5776..5778,EU
doc_129.perm-1.txt.ptree,44,83,5779..5790,legislation
doc_129.perm-1.txt.ptree,44,85,5790..5791,.
doc_129.perm-1.txt.ptree,45,5,5793..5799,Volume
doc_129.perm-1.txt.ptree,45,8,5800..5803,was
doc_129.perm-1.txt.ptree,45,12,5804..5809,754.2
doc_129.perm-1.txt.ptree,45,14,5810..5817,million
doc_129.perm-1.txt.ptree,45,16,5818..5824,shares
doc_129.perm-1.txt.ptree,45,18,5824..5825,COMMA
doc_129.perm-1.txt.ptree,45,21,5826..5834,compared
doc_129.perm-1.txt.ptree,45,24,5835..5839,with
doc_129.perm-1.txt.ptree,45,28,5840..5845,673.8
doc_129.perm-1.txt.ptree,45,30,5846..5853,million
doc_129.perm-1.txt.ptree,45,32,5854..5860,shares
doc_129.perm-1.txt.ptree,45,35,5861..5862,a
doc_129.perm-1.txt.ptree,45,37,5863..5866,day
doc_129.perm-1.txt.ptree,45,39,5867..5874,earlier
doc_129.perm-1.txt.ptree,45,41,5874..5875,.
doc_129.perm-1.txt.ptree,46,6,5877..5881,Late
doc_129.perm-1.txt.ptree,46,8,5882..5888,buying
doc_129.perm-1.txt.ptree,46,11,5889..5898,cushioned
doc_129.perm-1.txt.ptree,46,14,5899..5902,the
doc_129.perm-1.txt.ptree,46,16,5903..5908,slide
doc_129.perm-1.txt.ptree,46,18,5908..5909,COMMA
doc_129.perm-1.txt.ptree,46,21,5910..5912,as
doc_129.perm-1.txt.ptree,46,25,5913..5922,investors
doc_129.perm-1.txt.ptree,46,28,5923..5930,decided
doc_129.perm-1.txt.ptree,46,32,5931..5934,the
doc_129.perm-1.txt.ptree,46,34,5935..5943,currency
doc_129.perm-1.txt.ptree,46,36,5943..5945,'s
doc_129.perm-1.txt.ptree,46,38,5946..5951,surge
doc_129.perm-1.txt.ptree,46,41,5952..5957,would
doc_129.perm-1.txt.ptree,46,43,5957..5960,n't
doc_129.perm-1.txt.ptree,46,46,5961..5965,last
doc_129.perm-1.txt.ptree,46,48,5965..5966,.
doc_129.perm-1.txt.ptree,47,6,5968..5970,In
doc_129.perm-1.txt.ptree,47,9,5971..5977,Manila
doc_129.perm-1.txt.ptree,47,11,5977..5978,COMMA
doc_129.perm-1.txt.ptree,47,14,5979..5985,shares
doc_129.perm-1.txt.ptree,47,17,5986..5990,rose
doc_129.perm-1.txt.ptree,47,20,5991..5994,for
doc_129.perm-1.txt.ptree,47,23,5995..5998,the
doc_129.perm-1.txt.ptree,47,25,5999..6005,fourth
doc_129.perm-1.txt.ptree,47,27,6006..6014,straight
doc_129.perm-1.txt.ptree,47,29,6015..6018,day
doc_129.perm-1.txt.ptree,47,32,6019..6021,in
doc_129.perm-1.txt.ptree,47,35,6022..6026,busy
doc_129.perm-1.txt.ptree,47,37,6027..6034,trading
doc_129.perm-1.txt.ptree,47,39,6034..6035,;
doc_129.perm-1.txt.ptree,47,43,6036..6045,investors
doc_129.perm-1.txt.ptree,47,46,6046..6050,were
doc_129.perm-1.txt.ptree,47,49,6051..6061,encouraged
doc_129.perm-1.txt.ptree,47,52,6062..6064,by
doc_129.perm-1.txt.ptree,47,56,6065..6077,developments
doc_129.perm-1.txt.ptree,47,59,6078..6080,in
doc_129.perm-1.txt.ptree,47,63,6081..6084,the
doc_129.perm-1.txt.ptree,47,65,6085..6096,Philippines
doc_129.perm-1.txt.ptree,47,67,6096..6097,'
doc_129.perm-1.txt.ptree,47,69,6098..6108,continuing
doc_129.perm-1.txt.ptree,47,71,6109..6121,negotiations
doc_129.perm-1.txt.ptree,47,74,6122..6126,with
doc_129.perm-1.txt.ptree,47,78,6127..6130,the
doc_129.perm-1.txt.ptree,47,80,6131..6144,International
doc_129.perm-1.txt.ptree,47,82,6145..6153,Monetary
doc_129.perm-1.txt.ptree,47,84,6154..6158,Fund
doc_129.perm-1.txt.ptree,47,87,6159..6161,on
doc_129.perm-1.txt.ptree,47,90,6162..6170,economic
doc_129.perm-1.txt.ptree,47,92,6171..6174,and
doc_129.perm-1.txt.ptree,47,94,6175..6184,financial
doc_129.perm-1.txt.ptree,47,96,6185..6193,policies
doc_129.perm-1.txt.ptree,47,98,6193..6194,.
doc_129.perm-1.txt.ptree,48,6,6196..6200,U.S.
doc_129.perm-1.txt.ptree,48,8,6201..6211,subsidiary
doc_129.perm-1.txt.ptree,48,10,6211..6212,COMMA
doc_129.perm-1.txt.ptree,48,13,6213..6221,narrowed
doc_129.perm-1.txt.ptree,48,16,6222..6224,to
doc_129.perm-1.txt.ptree,48,21,6225..6227,50
doc_129.perm-1.txt.ptree,48,23,6228..6235,million
doc_129.perm-1.txt.ptree,48,25,6236..6241,marks
doc_129.perm-1.txt.ptree,48,28,6242..6243,(
doc_129.perm-1.txt.ptree,48,32,6243..6244,$
doc_129.perm-1.txt.ptree,48,34,6244..6248,29.8
doc_129.perm-1.txt.ptree,48,36,6249..6256,million
doc_129.perm-1.txt.ptree,48,38,6256..6257,)
doc_129.perm-1.txt.ptree,48,41,6258..6260,in
doc_129.perm-1.txt.ptree,48,44,6261..6264,the
doc_129.perm-1.txt.ptree,48,46,6265..6270,first
doc_129.perm-1.txt.ptree,48,48,6271..6275,five
doc_129.perm-1.txt.ptree,48,50,6276..6282,months
doc_129.perm-1.txt.ptree,48,53,6283..6285,of
doc_129.perm-1.txt.ptree,48,57,6286..6289,the
doc_129.perm-1.txt.ptree,48,59,6290..6296,fiscal
doc_129.perm-1.txt.ptree,48,61,6297..6301,year
doc_129.perm-1.txt.ptree,48,65,6302..6306,that
doc_129.perm-1.txt.ptree,48,69,6307..6312,began
doc_129.perm-1.txt.ptree,48,72,6313..6317,Oct.
doc_129.perm-1.txt.ptree,48,74,6318..6320,1.
doc_129.perm-1.txt.ptree,48,76,6320..6321,COMMA
doc_129.perm-1.txt.ptree,48,79,6322..6326,from
doc_129.perm-1.txt.ptree,48,83,6327..6331,34.4
doc_129.perm-1.txt.ptree,48,85,6332..6339,million
doc_129.perm-1.txt.ptree,48,87,6340..6345,marks
doc_129.perm-1.txt.ptree,48,90,6346..6347,a
doc_129.perm-1.txt.ptree,48,92,6348..6352,year
doc_129.perm-1.txt.ptree,48,94,6353..6360,earlier
doc_129.perm-1.txt.ptree,48,96,6360..6361,.
doc_129.perm-1.txt.ptree,49,6,6363..6365,In
doc_129.perm-1.txt.ptree,49,9,6366..6372,Sydney
doc_129.perm-1.txt.ptree,49,11,6372..6373,COMMA
doc_129.perm-1.txt.ptree,49,14,6374..6380,shares
doc_129.perm-1.txt.ptree,49,17,6381..6385,fell
doc_129.perm-1.txt.ptree,49,20,6386..6389,for
doc_129.perm-1.txt.ptree,49,23,6390..6393,the
doc_129.perm-1.txt.ptree,49,25,6394..6399,fifth
doc_129.perm-1.txt.ptree,49,27,6400..6411,consecutive
doc_129.perm-1.txt.ptree,49,29,6412..6419,session
doc_129.perm-1.txt.ptree,49,31,6419..6420,;
doc_129.perm-1.txt.ptree,49,35,6421..6424,the
doc_129.perm-1.txt.ptree,49,37,6425..6431,market
doc_129.perm-1.txt.ptree,49,40,6432..6441,recovered
doc_129.perm-1.txt.ptree,49,43,6442..6450,somewhat
doc_129.perm-1.txt.ptree,49,46,6451..6455,from
doc_129.perm-1.txt.ptree,49,50,6456..6457,a
doc_129.perm-1.txt.ptree,49,52,6458..6463,sharp
doc_129.perm-1.txt.ptree,49,54,6464..6471,opening
doc_129.perm-1.txt.ptree,49,56,6472..6476,dive
doc_129.perm-1.txt.ptree,49,59,6477..6484,spurred
doc_129.perm-1.txt.ptree,49,62,6485..6487,by
doc_129.perm-1.txt.ptree,49,67,6488..6495,Tuesday
doc_129.perm-1.txt.ptree,49,69,6495..6497,'s
doc_129.perm-1.txt.ptree,49,71,6498..6506,weakness
doc_129.perm-1.txt.ptree,49,74,6507..6509,on
doc_129.perm-1.txt.ptree,49,77,6510..6514,Wall
doc_129.perm-1.txt.ptree,49,79,6515..6521,Street
doc_129.perm-1.txt.ptree,49,81,6521..6522,.
doc_129.perm-1.txt.ptree,50,5,6524..6530,Strong
doc_129.perm-1.txt.ptree,50,7,6531..6535,jobs
doc_129.perm-1.txt.ptree,50,9,6536..6542,growth
doc_129.perm-1.txt.ptree,50,12,6543..6548,could
doc_129.perm-1.txt.ptree,50,15,6549..6553,lead
doc_129.perm-1.txt.ptree,50,18,6554..6556,to
doc_129.perm-1.txt.ptree,50,22,6557..6558,a
doc_129.perm-1.txt.ptree,50,24,6559..6563,rise
doc_129.perm-1.txt.ptree,50,27,6564..6566,in
doc_129.perm-1.txt.ptree,50,30,6567..6571,U.S.
doc_129.perm-1.txt.ptree,50,32,6572..6580,interest
doc_129.perm-1.txt.ptree,50,34,6581..6586,rates
doc_129.perm-1.txt.ptree,50,36,6586..6587,.
